-- phpMyAdmin SQL Dump
-- version 4.8.2
-- https://www.phpmyadmin.net/
--
-- Host: 127.0.0.1
-- Generation Time: Oct 31, 2019 at 01:30 PM
-- Server version: 10.1.34-MariaDB
-- PHP Version: 5.6.37

SET SQL_MODE = "NO_AUTO_VALUE_ON_ZERO";
SET AUTOCOMMIT = 0;
START TRANSACTION;
SET time_zone = "+00:00";


/*!40101 SET @OLD_CHARACTER_SET_CLIENT=@@CHARACTER_SET_CLIENT */;
/*!40101 SET @OLD_CHARACTER_SET_RESULTS=@@CHARACTER_SET_RESULTS */;
/*!40101 SET @OLD_COLLATION_CONNECTION=@@COLLATION_CONNECTION */;
/*!40101 SET NAMES utf8mb4 */;

--
-- Database: `e_absen`
--

-- --------------------------------------------------------

--
-- Table structure for table `attendance`
--

CREATE TABLE `attendance` (
  `id` int(10) UNSIGNED NOT NULL,
  `employee_pin` int(11) NOT NULL,
  `timestamp` int(11) NOT NULL,
  `date` date NOT NULL,
  `time` time NOT NULL,
  `status` int(5) NOT NULL
) ENGINE=InnoDB DEFAULT CHARSET=latin1;

--
-- Dumping data for table `attendance`
--

INSERT INTO `attendance` (`id`, `employee_pin`, `timestamp`, `date`, `time`, `status`) VALUES
(1615, 2, 1556600624, '2019-04-30', '13:03:44', 0),
(1616, 2, 1564449154, '2019-07-30', '09:12:34', 0),
(1617, 2, 1564449532, '2019-07-30', '09:18:52', 0),
(1618, 2, 1564470346, '2019-07-30', '15:05:46', 0),
(1619, 2, 1564471294, '2019-07-30', '15:21:34', 0),
(1620, 2, 1564622449, '2019-08-01', '09:20:49', 0),
(1621, 2, 1564708025, '2019-08-02', '09:07:05', 0),
(1622, 2, 1565053048, '2019-08-06', '08:57:28', 0),
(1623, 2, 1565072487, '2019-08-06', '14:21:27', 0),
(1624, 2, 1565313272, '2019-08-09', '09:14:32', 0),
(1625, 2, 1565330896, '2019-08-09', '14:08:16', 0),
(1626, 2, 1565567991, '2019-08-12', '07:59:51', 0),
(1627, 2, 1565657150, '2019-08-13', '08:45:50', 0),
(1628, 2, 1565743879, '2019-08-14', '08:51:19', 0),
(1629, 2, 1566263154, '2019-08-20', '09:05:54', 0),
(1630, 2, 1566530624, '2019-08-23', '11:23:44', 0),
(1631, 2, 1566779174, '2019-08-26', '08:26:14', 0),
(1632, 2, 1566800951, '2019-08-26', '14:29:11', 0),
(1633, 2, 1567040912, '2019-08-29', '09:08:32', 0),
(1634, 2, 1567061627, '2019-08-29', '14:53:47', 0),
(1635, 2, 1567126540, '2019-08-30', '08:55:40', 0),
(1636, 2, 1567384669, '2019-09-02', '08:37:49', 0),
(1637, 2, 1567733376, '2019-09-06', '09:29:36', 0),
(1638, 2, 1568092849, '2019-09-10', '13:20:49', 0),
(1639, 2, 1568187180, '2019-09-11', '15:33:00', 0),
(1640, 2, 1568253365, '2019-09-12', '09:56:05', 0),
(1641, 2, 1568602994, '2019-09-16', '11:03:14', 0),
(1642, 2, 1568944488, '2019-09-20', '09:54:48', 0),
(1643, 2, 1568954175, '2019-09-20', '12:36:15', 0),
(1644, 2, 1569198790, '2019-09-23', '08:33:10', 0),
(1645, 5, 1564446392, '2019-07-30', '08:26:32', 0),
(1646, 5, 1564533579, '2019-07-31', '08:39:39', 0),
(1647, 5, 1564619649, '2019-08-01', '08:34:09', 0),
(1648, 5, 1564620741, '2019-08-01', '08:52:21', 0),
(1649, 5, 1564621012, '2019-08-01', '08:56:52', 0),
(1650, 5, 1564707377, '2019-08-02', '08:56:17', 0),
(1651, 5, 1564964635, '2019-08-05', '08:23:55', 0),
(1652, 5, 1565567949, '2019-08-12', '07:59:09', 0),
(1653, 5, 1565585359, '2019-08-12', '12:49:19', 0),
(1654, 5, 1565745730, '2019-08-14', '09:22:10', 0),
(1655, 5, 1565915443, '2019-08-16', '08:30:43', 0),
(1656, 5, 1566174699, '2019-08-19', '08:31:39', 0),
(1657, 5, 1566176804, '2019-08-19', '09:06:44', 0),
(1658, 5, 1566354306, '2019-08-21', '10:25:06', 0),
(1659, 5, 1566800954, '2019-08-26', '14:29:14', 0),
(1660, 5, 1566868014, '2019-08-27', '09:06:54', 0),
(1661, 5, 1566887595, '2019-08-27', '14:33:15', 0),
(1662, 5, 1566952415, '2019-08-28', '08:33:35', 0),
(1663, 5, 1566974962, '2019-08-28', '14:49:22', 0),
(1664, 5, 1567038761, '2019-08-29', '08:32:41', 0),
(1665, 5, 1567126125, '2019-08-30', '08:48:45', 0),
(1666, 5, 1567139795, '2019-08-30', '12:36:35', 0),
(1667, 5, 1567384265, '2019-09-02', '08:31:05', 0),
(1668, 5, 1567407610, '2019-09-02', '15:00:10', 0),
(1669, 5, 1567557522, '2019-09-04', '08:38:42', 0),
(1670, 5, 1567578209, '2019-09-04', '14:23:29', 0),
(1671, 5, 1567644667, '2019-09-05', '08:51:07', 0),
(1672, 5, 1567663645, '2019-09-05', '14:07:25', 0),
(1673, 5, 1568008811, '2019-09-09', '14:00:11', 0),
(1674, 5, 1568161906, '2019-09-11', '08:31:46', 0),
(1675, 5, 1568187159, '2019-09-11', '15:32:39', 0),
(1676, 5, 1568270721, '2019-09-12', '14:45:21', 0),
(1677, 5, 1568335124, '2019-09-13', '08:38:44', 0),
(1678, 5, 1568347433, '2019-09-13', '12:03:53', 0),
(1679, 3, 1564446457, '2019-07-30', '08:27:37', 0),
(1680, 3, 1564470365, '2019-07-30', '15:06:05', 0),
(1681, 3, 1564533588, '2019-07-31', '08:39:48', 0),
(1682, 3, 1564705866, '2019-08-02', '08:31:06', 0),
(1683, 3, 1564706143, '2019-08-02', '08:35:43', 0),
(1684, 3, 1564965071, '2019-08-05', '08:31:11', 0),
(1685, 3, 1565072716, '2019-08-06', '14:25:16', 0),
(1686, 3, 1565141706, '2019-08-07', '09:35:06', 0),
(1687, 3, 1565743871, '2019-08-14', '08:51:11', 0),
(1688, 3, 1565916296, '2019-08-16', '08:44:56', 0),
(1689, 3, 1566347930, '2019-08-21', '08:38:50', 0),
(1690, 3, 1566434643, '2019-08-22', '08:44:03', 0),
(1691, 3, 1566454732, '2019-08-22', '14:18:52', 0),
(1692, 3, 1566866215, '2019-08-27', '08:36:55', 0),
(1693, 3, 1567040303, '2019-08-29', '08:58:23', 0),
(1694, 3, 1567125713, '2019-08-30', '08:41:53', 0),
(1695, 3, 1567384832, '2019-09-02', '08:40:32', 0),
(1696, 3, 1567407431, '2019-09-02', '14:57:11', 0),
(1697, 3, 1567407667, '2019-09-02', '15:01:07', 0),
(1698, 3, 1567471144, '2019-09-03', '08:39:04', 0),
(1699, 3, 1567557088, '2019-09-04', '08:31:28', 0),
(1700, 3, 1567577921, '2019-09-04', '14:18:41', 0),
(1701, 3, 1567648067, '2019-09-05', '09:47:47', 0),
(1702, 3, 1567988080, '2019-09-09', '08:14:40', 0),
(1703, 3, 1568163106, '2019-09-11', '08:51:46', 0),
(1704, 3, 1568187033, '2019-09-11', '15:30:33', 0),
(1705, 3, 1568259019, '2019-09-12', '11:30:19', 0),
(1706, 3, 1568681949, '2019-09-17', '08:59:09', 0),
(1707, 1, 1564446629, '2019-07-30', '08:30:29', 0),
(1708, 1, 1564625551, '2019-08-01', '10:12:31', 0),
(1709, 1, 1564964690, '2019-08-05', '08:24:50', 0),
(1710, 1, 1565584981, '2019-08-12', '12:43:01', 0),
(1711, 1, 1566800966, '2019-08-26', '14:29:26', 0),
(1712, 1, 1568172420, '2019-09-11', '11:27:00', 0),
(1713, 1, 1568858672, '2019-09-19', '10:04:32', 0),
(1714, 4, 1564451100, '2019-07-30', '09:45:00', 0),
(1715, 4, 1564470380, '2019-07-30', '15:06:20', 0),
(1716, 4, 1564622548, '2019-08-01', '09:22:28', 0),
(1717, 4, 1564705831, '2019-08-02', '08:30:31', 0),
(1718, 4, 1564965049, '2019-08-05', '08:30:49', 0),
(1719, 4, 1565051672, '2019-08-06', '08:34:32', 0),
(1720, 4, 1565072480, '2019-08-06', '14:21:20', 0),
(1721, 4, 1565567978, '2019-08-12', '07:59:38', 0),
(1722, 4, 1565743824, '2019-08-14', '08:50:24', 0),
(1723, 4, 1565915451, '2019-08-16', '08:30:51', 0),
(1724, 4, 1566174250, '2019-08-19', '08:24:10', 0),
(1725, 4, 1566800960, '2019-08-26', '14:29:20', 0),
(1726, 4, 1566870195, '2019-08-27', '09:43:15', 0),
(1727, 4, 1566887569, '2019-08-27', '14:32:49', 0),
(1728, 4, 1566953901, '2019-08-28', '08:58:21', 0),
(1729, 4, 1566974802, '2019-08-28', '14:46:42', 0),
(1730, 4, 1567038716, '2019-08-29', '08:31:56', 0),
(1731, 4, 1567061622, '2019-08-29', '14:53:42', 0),
(1732, 4, 1567125670, '2019-08-30', '08:41:10', 0),
(1733, 4, 1567139392, '2019-08-30', '12:29:52', 0),
(1734, 4, 1567407420, '2019-09-02', '14:57:00', 0),
(1735, 4, 1567407599, '2019-09-02', '14:59:59', 0),
(1736, 4, 1567480747, '2019-09-03', '11:19:07', 0),
(1737, 4, 1567644694, '2019-09-05', '08:51:34', 0),
(1738, 4, 1568169918, '2019-09-11', '10:45:18', 0),
(1739, 6, 1564446866, '2019-07-30', '08:34:26', 0),
(1740, 6, 1564470325, '2019-07-30', '15:05:25', 0),
(1741, 6, 1567577945, '2019-09-04', '14:19:05', 0),
(1742, 6, 1567578200, '2019-09-04', '14:23:20', 0),
(1743, 6, 1567656542, '2019-09-05', '12:09:02', 0),
(1744, 6, 1568610728, '2019-09-16', '13:12:08', 0),
(1745, 6, 1568781786, '2019-09-18', '12:43:06', 0),
(1746, 6, 1569198804, '2019-09-23', '08:33:24', 0),
(1747, 6, 1569217981, '2019-09-23', '13:53:01', 0),
(1748, 6, 0, '0000-00-00', '00:00:00', 1),
(1749, 6, 0, '0000-00-00', '00:00:00', 1),
(1750, 7, 1564449031, '2019-07-30', '09:10:31', 0),
(1751, 7, 1564451718, '2019-07-30', '09:55:18', 0),
(1752, 7, 1564452065, '2019-07-30', '10:01:05', 0),
(1753, 7, 1564453010, '2019-07-30', '10:16:50', 0),
(1754, 7, 1564453389, '2019-07-30', '10:23:09', 0),
(1755, 7, 1564453667, '2019-07-30', '10:27:47', 0),
(1756, 7, 1564454165, '2019-07-30', '10:36:05', 0),
(1757, 7, 1564454236, '2019-07-30', '10:37:16', 0),
(1758, 7, 1564454867, '2019-07-30', '10:47:47', 0),
(1759, 7, 1564455193, '2019-07-30', '10:53:13', 0),
(1760, 7, 1564455576, '2019-07-30', '10:59:36', 0),
(1761, 7, 1564470317, '2019-07-30', '15:05:17', 0),
(1762, 7, 1564622499, '2019-08-01', '09:21:39', 0),
(1763, 7, 1564705846, '2019-08-02', '08:30:46', 0),
(1764, 7, 1564727940, '2019-08-02', '14:39:00', 0),
(1765, 7, 1564965159, '2019-08-05', '08:32:39', 0),
(1766, 7, 1565053067, '2019-08-06', '08:57:47', 0),
(1767, 7, 1565053148, '2019-08-06', '08:59:08', 0),
(1768, 7, 1565058557, '2019-08-06', '10:29:17', 0),
(1769, 7, 1565662157, '2019-08-13', '10:09:17', 0),
(1770, 7, 1565743228, '2019-08-14', '08:40:28', 0),
(1771, 7, 1565915855, '2019-08-16', '08:37:35', 0),
(1772, 7, 1565937617, '2019-08-16', '14:40:17', 0),
(1773, 7, 1566266897, '2019-08-20', '10:08:17', 0),
(1774, 7, 1566778765, '2019-08-26', '08:19:25', 0),
(1775, 7, 1566888248, '2019-08-27', '14:44:08', 0),
(1776, 7, 1567384368, '2019-09-02', '08:32:48', 0),
(1777, 7, 1567407685, '2019-09-02', '15:01:25', 0),
(1778, 7, 1567477789, '2019-09-03', '10:29:49', 0),
(1779, 7, 1567477850, '2019-09-03', '10:30:50', 0),
(1780, 7, 1567559203, '2019-09-04', '09:06:43', 0),
(1781, 7, 1567579077, '2019-09-04', '14:37:57', 0),
(1782, 7, 1567663551, '2019-09-05', '14:05:51', 0),
(1783, 7, 1568163384, '2019-09-11', '08:56:24', 0),
(1784, 7, 1568259631, '2019-09-12', '11:40:31', 0),
(1785, 7, 1568591605, '2019-09-16', '07:53:25', 0),
(1786, 7, 1568695932, '2019-09-17', '12:52:12', 0),
(1787, 7, 1568696113, '2019-09-17', '12:55:13', 0),
(1788, 7, 1568696628, '2019-09-17', '13:03:48', 0),
(1789, 7, 1568698327, '2019-09-17', '13:32:07', 0),
(1790, 7, 1568698496, '2019-09-17', '13:34:56', 0),
(1791, 7, 1568698961, '2019-09-17', '13:42:41', 0),
(1792, 7, 1569292944, '2019-09-24', '10:42:24', 0),
(1793, 8, 1564449444, '2019-07-30', '09:17:24', 0),
(1794, 8, 1564470337, '2019-07-30', '15:05:37', 0),
(1795, 8, 1565058570, '2019-08-06', '10:29:30', 0),
(1796, 8, 1566779185, '2019-08-26', '08:26:25', 0),
(1797, 8, 1567384271, '2019-09-02', '08:31:11', 0),
(1798, 9, 1564449737, '2019-07-30', '09:22:17', 0),
(1799, 9, 1564470306, '2019-07-30', '15:05:06', 0),
(1800, 9, 1564622479, '2019-08-01', '09:21:19', 0),
(1801, 9, 1565058560, '2019-08-06', '10:29:20', 0),
(1802, 9, 1565059501, '2019-08-06', '10:45:01', 0),
(1803, 9, 1565569437, '2019-08-12', '08:23:57', 0),
(1804, 9, 1566779217, '2019-08-26', '08:26:57', 0),
(1805, 9, 1566958048, '2019-08-28', '10:07:28', 0),
(1806, 9, 1568087018, '2019-09-10', '11:43:38', 0),
(1807, 9, 1569198488, '2019-09-23', '08:28:08', 0),
(1808, 9, 1569288082, '2019-09-24', '09:21:22', 0),
(1809, 10, 1564451705, '2019-07-30', '09:55:05', 0),
(1810, 10, 1566801196, '2019-08-26', '14:33:16', 0),
(1811, 10, 1567047215, '2019-08-29', '10:53:35', 0),
(1812, 12, 1564452277, '2019-07-30', '10:04:37', 0),
(1813, 12, 1564470300, '2019-07-30', '15:05:00', 0),
(1814, 12, 1564537947, '2019-07-31', '09:52:27', 0),
(1815, 12, 1564625528, '2019-08-01', '10:12:08', 0),
(1816, 12, 1564964504, '2019-08-05', '08:21:44', 0),
(1817, 12, 1564970886, '2019-08-05', '10:08:06', 0),
(1818, 12, 1565072442, '2019-08-06', '14:20:42', 0),
(1819, 12, 1566176743, '2019-08-19', '09:05:43', 0),
(1820, 12, 1566283269, '2019-08-20', '14:41:09', 0),
(1821, 12, 1566348884, '2019-08-21', '08:54:44', 0),
(1822, 12, 1566866715, '2019-08-27', '08:45:15', 0),
(1823, 12, 1566868136, '2019-08-27', '09:08:56', 0),
(1824, 12, 1566887407, '2019-08-27', '14:30:07', 0),
(1825, 12, 1566975094, '2019-08-28', '14:51:34', 0),
(1826, 12, 1567061280, '2019-08-29', '14:48:00', 0),
(1827, 12, 1568010429, '2019-09-09', '14:27:09', 0),
(1828, 12, 1568187195, '2019-09-11', '15:33:15', 0),
(1829, 12, 1568680481, '2019-09-17', '08:34:41', 0),
(1830, 12, 1568866287, '2019-09-19', '12:11:27', 0),
(1831, 12, 1569203377, '2019-09-23', '09:49:37', 0),
(1832, 14, 1564470255, '2019-07-30', '15:04:15', 0),
(1833, 14, 1564533554, '2019-07-31', '08:39:14', 0),
(1834, 14, 1564546442, '2019-07-31', '12:14:02', 0),
(1835, 14, 1564619656, '2019-08-01', '08:34:16', 0),
(1836, 14, 1564625046, '2019-08-01', '10:04:06', 0),
(1837, 14, 1564705838, '2019-08-02', '08:30:38', 0),
(1838, 14, 1564984997, '2019-08-05', '14:03:17', 0),
(1839, 14, 1565051406, '2019-08-06', '08:30:06', 0),
(1840, 14, 1565072436, '2019-08-06', '14:20:36', 0),
(1841, 14, 1565225780, '2019-08-08', '08:56:20', 0),
(1842, 14, 1565238616, '2019-08-08', '12:30:16', 0),
(1843, 14, 1565569662, '2019-08-12', '08:27:42', 0),
(1844, 14, 1565592729, '2019-08-12', '14:52:09', 0),
(1845, 14, 1565751318, '2019-08-14', '10:55:18', 0),
(1846, 14, 1565916088, '2019-08-16', '08:41:28', 0),
(1847, 14, 1565929779, '2019-08-16', '12:29:39', 0),
(1848, 14, 1566176876, '2019-08-19', '09:07:56', 0),
(1849, 14, 1566195445, '2019-08-19', '14:17:25', 0),
(1850, 14, 1566263167, '2019-08-20', '09:06:07', 0),
(1851, 14, 1566283290, '2019-08-20', '14:41:30', 0),
(1852, 14, 1566350224, '2019-08-21', '09:17:04', 0),
(1853, 14, 1566778943, '2019-08-26', '08:22:23', 0),
(1854, 14, 1568077085, '2019-09-10', '08:58:05', 0),
(1855, 14, 1568187143, '2019-09-11', '15:32:23', 0),
(1856, 14, 1568270581, '2019-09-12', '14:43:01', 0),
(1857, 14, 1568592494, '2019-09-16', '08:08:14', 0),
(1858, 13, 1564470287, '2019-07-30', '15:04:47', 0),
(1859, 13, 1564533892, '2019-07-31', '08:44:52', 0),
(1860, 13, 1564619672, '2019-08-01', '08:34:32', 0),
(1861, 13, 1564705824, '2019-08-02', '08:30:24', 0),
(1862, 13, 1565915538, '2019-08-16', '08:32:18', 0),
(1863, 13, 1566176753, '2019-08-19', '09:05:53', 0),
(1864, 13, 1566194136, '2019-08-19', '13:55:36', 0),
(1865, 13, 1566261381, '2019-08-20', '08:36:21', 0),
(1866, 13, 1566283312, '2019-08-20', '14:41:52', 0),
(1867, 13, 1566348821, '2019-08-21', '08:53:41', 0),
(1868, 13, 1566780101, '2019-08-26', '08:41:41', 0),
(1869, 13, 1566866745, '2019-08-27', '08:45:45', 0),
(1870, 13, 1566887415, '2019-08-27', '14:30:15', 0),
(1871, 13, 1566956921, '2019-08-28', '09:48:41', 0),
(1872, 13, 1566974891, '2019-08-28', '14:48:11', 0),
(1873, 13, 1567038754, '2019-08-29', '08:32:34', 0),
(1874, 13, 1567061288, '2019-08-29', '14:48:08', 0),
(1875, 13, 1567557200, '2019-09-04', '08:33:20', 0),
(1876, 13, 1568075721, '2019-09-10', '08:35:21', 0),
(1877, 13, 1568162670, '2019-09-11', '08:44:30', 0),
(1878, 13, 1568172920, '2019-09-11', '11:35:20', 0),
(1879, 13, 1568181971, '2019-09-11', '14:06:11', 0),
(1880, 13, 1568187132, '2019-09-11', '15:32:12', 0),
(1881, 13, 1568335133, '2019-09-13', '08:38:53', 0),
(1882, 13, 1568345528, '2019-09-13', '11:32:08', 0),
(1883, 13, 1568603578, '2019-09-16', '11:12:58', 0),
(1884, 13, 1568680472, '2019-09-17', '08:34:32', 0),
(1885, 13, 1568853961, '2019-09-19', '08:46:01', 0),
(1886, 13, 1568866495, '2019-09-19', '12:14:55', 0),
(1887, 13, 1568872284, '2019-09-19', '13:51:24', 0),
(1888, 13, 1569197943, '2019-09-23', '08:19:03', 0),
(1889, 13, 1569198156, '2019-09-23', '08:22:36', 0),
(1890, 13, 1569202895, '2019-09-23', '09:41:35', 0),
(1891, 11, 1564470357, '2019-07-30', '15:05:57', 0),
(1892, 11, 1564551070, '2019-07-31', '13:31:10', 0),
(1893, 11, 1564621748, '2019-08-01', '09:09:08', 0),
(1894, 11, 1564705889, '2019-08-02', '08:31:29', 0),
(1895, 15, 1564470261, '2019-07-30', '15:04:21', 0),
(1896, 15, 1564619685, '2019-08-01', '08:34:45', 0),
(1897, 15, 1564705817, '2019-08-02', '08:30:17', 0),
(1898, 15, 1564964486, '2019-08-05', '08:21:26', 0),
(1899, 15, 1565051454, '2019-08-06', '08:30:54', 0),
(1900, 15, 1565072460, '2019-08-06', '14:21:00', 0),
(1901, 15, 1565592706, '2019-08-12', '14:51:46', 0),
(1902, 15, 1566174237, '2019-08-19', '08:23:57', 0),
(1903, 15, 1566194130, '2019-08-19', '13:55:30', 0),
(1904, 15, 1566261740, '2019-08-20', '08:42:20', 0),
(1905, 15, 1566283307, '2019-08-20', '14:41:47', 0),
(1906, 15, 1566347717, '2019-08-21', '08:35:17', 0),
(1907, 15, 1566348812, '2019-08-21', '08:53:32', 0),
(1908, 15, 1566521557, '2019-08-23', '08:52:37', 0),
(1909, 15, 1566778895, '2019-08-26', '08:21:35', 0),
(1910, 15, 1566868338, '2019-08-27', '09:12:18', 0),
(1911, 15, 1566887474, '2019-08-27', '14:31:14', 0),
(1912, 15, 1566953894, '2019-08-28', '08:58:14', 0),
(1913, 15, 1566957057, '2019-08-28', '09:50:57', 0),
(1914, 15, 1566974955, '2019-08-28', '14:49:15', 0),
(1915, 15, 1567038702, '2019-08-29', '08:31:42', 0),
(1916, 15, 1567040255, '2019-08-29', '08:57:35', 0),
(1917, 15, 1567061305, '2019-08-29', '14:48:25', 0),
(1918, 15, 1567389681, '2019-09-02', '10:01:21', 0),
(1919, 15, 1567471292, '2019-09-03', '08:41:32', 0),
(1920, 15, 1567557188, '2019-09-04', '08:33:08', 0),
(1921, 15, 1567559637, '2019-09-04', '09:13:57', 0),
(1922, 15, 1567988253, '2019-09-09', '08:17:33', 0),
(1923, 15, 1568075742, '2019-09-10', '08:35:42', 0),
(1924, 15, 1568172905, '2019-09-11', '11:35:05', 0),
(1925, 15, 1568184888, '2019-09-11', '14:54:48', 0),
(1926, 15, 1568335120, '2019-09-13', '08:38:40', 0),
(1927, 15, 1568343617, '2019-09-13', '11:00:17', 0),
(1928, 15, 1568345310, '2019-09-13', '11:28:30', 0),
(1929, 15, 1568591859, '2019-09-16', '07:57:39', 0),
(1930, 15, 1568680457, '2019-09-17', '08:34:17', 0),
(1931, 15, 1568853864, '2019-09-19', '08:44:24', 0),
(1932, 15, 1568872294, '2019-09-19', '13:51:34', 0),
(1933, 15, 1569202891, '2019-09-23', '09:41:31', 0),
(1934, 15, 1569203411, '2019-09-23', '09:50:11', 0),
(1935, 15, 1569223019, '2019-09-23', '15:16:59', 0),
(1936, 16, 1564625463, '2019-08-01', '10:11:03', 0),
(1937, 16, 1565051418, '2019-08-06', '08:30:18', 0),
(1938, 16, 1565072494, '2019-08-06', '14:21:34', 0),
(1939, 16, 1565311137, '2019-08-09', '08:38:57', 0),
(1940, 16, 1565569447, '2019-08-12', '08:24:07', 0),
(1941, 16, 1565656298, '2019-08-13', '08:31:38', 0),
(1942, 16, 1565759596, '2019-08-14', '13:13:16', 0),
(1943, 16, 1565916138, '2019-08-16', '08:42:18', 0),
(1944, 16, 1566261371, '2019-08-20', '08:36:11', 0),
(1945, 16, 1566283297, '2019-08-20', '14:41:37', 0),
(1946, 16, 1566350805, '2019-08-21', '09:26:45', 0),
(1947, 16, 1566368687, '2019-08-21', '14:24:47', 0),
(1948, 16, 1566436729, '2019-08-22', '09:18:49', 0),
(1949, 16, 1566454955, '2019-08-22', '14:22:35', 0),
(1950, 16, 1566521647, '2019-08-23', '08:54:07', 0),
(1951, 16, 1566536804, '2019-08-23', '13:06:44', 0),
(1952, 16, 1566779194, '2019-08-26', '08:26:34', 0),
(1953, 16, 1566800974, '2019-08-26', '14:29:34', 0),
(1954, 16, 1567039371, '2019-08-29', '08:42:51', 0),
(1955, 16, 1567061614, '2019-08-29', '14:53:34', 0),
(1956, 16, 1567125202, '2019-08-30', '08:33:22', 0),
(1957, 16, 1567384618, '2019-09-02', '08:36:58', 0),
(1958, 16, 1567403670, '2019-09-02', '13:54:30', 0),
(1959, 16, 1567988400, '2019-09-09', '08:20:00', 0),
(1960, 16, 1568012263, '2019-09-09', '14:57:43', 0),
(1961, 16, 1568163127, '2019-09-11', '08:52:07', 0),
(1962, 16, 1568187122, '2019-09-11', '15:32:02', 0),
(1963, 16, 1568250586, '2019-09-12', '09:09:46', 0),
(1964, 16, 1568854588, '2019-09-19', '08:56:28', 0),
(1965, 16, 1568872290, '2019-09-19', '13:51:30', 0),
(1966, 16, 1569199514, '2019-09-23', '08:45:14', 0),
(1967, 16, 1569223038, '2019-09-23', '15:17:18', 0),
(1968, 16, 1569306602, '2019-09-24', '14:30:02', 0),
(1969, 17, 1564965399, '2019-08-05', '08:36:39', 0),
(1970, 17, 1565053008, '2019-08-06', '08:56:48', 0),
(1971, 17, 1565072455, '2019-08-06', '14:20:55', 0),
(1972, 17, 1565567956, '2019-08-12', '07:59:16', 0),
(1973, 17, 1565659727, '2019-08-13', '09:28:47', 0),
(1974, 17, 1565743891, '2019-08-14', '08:51:31', 0),
(1975, 17, 1565915916, '2019-08-16', '08:38:36', 0),
(1976, 17, 1566174724, '2019-08-19', '08:32:04', 0),
(1977, 17, 1566194154, '2019-08-19', '13:55:54', 0),
(1978, 17, 1566266094, '2019-08-20', '09:54:54', 0),
(1979, 17, 1566280348, '2019-08-20', '13:52:28', 0),
(1980, 17, 1566347745, '2019-08-21', '08:35:45', 0),
(1981, 17, 1566368700, '2019-08-21', '14:25:00', 0),
(1982, 17, 1566778873, '2019-08-26', '08:21:13', 0),
(1983, 17, 1566868022, '2019-08-27', '09:07:02', 0),
(1984, 17, 1566887238, '2019-08-27', '14:27:18', 0),
(1985, 17, 1566953372, '2019-08-28', '08:49:32', 0),
(1986, 17, 1566974810, '2019-08-28', '14:46:50', 0),
(1987, 17, 1567040328, '2019-08-29', '08:58:48', 0),
(1988, 17, 1567130694, '2019-08-30', '10:04:54', 0),
(1989, 17, 1567139416, '2019-08-30', '12:30:16', 0),
(1990, 17, 1567384546, '2019-09-02', '08:35:46', 0),
(1991, 17, 1567987782, '2019-09-09', '08:09:42', 0),
(1992, 17, 1568011453, '2019-09-09', '14:44:13', 0),
(1993, 17, 1568077100, '2019-09-10', '08:58:20', 0),
(1994, 17, 1568684166, '2019-09-17', '09:36:06', 0),
(1995, 17, 1568855384, '2019-09-19', '09:09:44', 0),
(1996, 17, 1568872270, '2019-09-19', '13:51:10', 0),
(1997, 17, 1569197889, '2019-09-23', '08:18:09', 0),
(1998, 17, 1569216573, '2019-09-23', '13:29:33', 0),
(1999, 17, 1569287115, '2019-09-24', '09:05:15', 0),
(2000, 18, 1565744222, '2019-08-14', '08:57:02', 0),
(2001, 18, 1565916113, '2019-08-16', '08:41:53', 0),
(2002, 18, 1567407671, '2019-09-02', '15:01:11', 0),
(2003, 19, 1569412284, '2019-09-25', '19:51:24', 0),
(2004, 19, 1569412701, '2019-09-25', '19:58:21', 0),
(2005, 19, 1569468375, '2019-09-26', '11:26:15', 0),
(2006, 19, 1569468451, '2019-09-26', '11:27:31', 0),
(2007, 19, 1569468618, '2019-09-26', '11:30:18', 0),
(2008, 20, 1569468474, '2019-09-26', '11:27:54', 0),
(2009, 20, 1569468602, '2019-09-26', '11:30:02', 0),
(2010, 20, 1569563727, '2019-09-27', '13:55:27', 0),
(2011, 7, 1572326526, '2019-10-29', '01:22:06', 0),
(2012, 19, 1572326832, '2019-10-29', '01:27:12', 0),
(2013, 19, 1572327122, '2019-10-29', '01:32:02', 2);

-- --------------------------------------------------------

--
-- Table structure for table `employee`
--

CREATE TABLE `employee` (
  `id` int(10) UNSIGNED NOT NULL,
  `fingerprint_id` int(10) UNSIGNED NOT NULL,
  `name` varchar(200) NOT NULL,
  `pin` int(11) NOT NULL,
  `position` varchar(200) NOT NULL,
  `faction` int(10) NOT NULL,
  `image` varchar(200) NOT NULL DEFAULT 'default.jpg'
) ENGINE=InnoDB DEFAULT CHARSET=latin1;

--
-- Dumping data for table `employee`
--

INSERT INTO `employee` (`id`, `fingerprint_id`, `name`, `pin`, `position`, `faction`, `image`) VALUES
(5, 6, 'HAMRUDDIN.SE.M.Si', 2, 'position', 0, '5_1572338609.jpg'),
(6, 6, 'NURMUSLIMAT.SP.M.M', 5, 'position', 0, ''),
(7, 6, 'FARIDA ADRIATI RIMBUATA.', 3, 'position', 0, ''),
(8, 6, 'ANDI MUH. IQBAL TONGASA.', 1, 'position', 0, ''),
(9, 6, 'HENDRAWATI.SE', 4, 'position', 0, ''),
(10, 6, 'MUH ALFIAN KARIM.S.Sos.', 6, 'position', 0, ''),
(11, 6, 'NUR ALAM', 7, 'position', 0, ''),
(12, 6, 'PURNAMA ADIWINATA.S.Sos.', 8, 'position', 0, ''),
(13, 2, 'MUSMULIADI', 9, 'position', 0, ''),
(14, 2, 'AGUS SURIANTO.S.Pd.', 10, 'position', 0, ''),
(15, 2, 'MIRNAWATI.S.Kom.', 12, 'position', 0, ''),
(16, 2, 'LILI MALAGA.S.Pd.H', 14, 'position', 0, ''),
(17, 2, 'SRI RAHAYU.SE.', 13, 'position', 0, ''),
(18, 2, 'MUH. HAYKAL MOKODOMPIT', 11, 'position', 0, ''),
(19, 2, 'HAMSIAH.A.Md.', 15, 'position', 0, ''),
(20, 2, 'NI LUH MADE WIYARINI', 16, 'position', 0, ''),
(21, 2, 'yesinta tandipayu.A.Md', 17, 'position', 0, ''),
(22, 2, 'evi.A.Md', 18, 'position', 0, ''),
(23, 2, 'Muhammad Alfalah', 20, 'position', 0, ''),
(24, 2, 'Al Zidni', 19, 'position', 0, '');

-- --------------------------------------------------------

--
-- Table structure for table `fingerprint`
--

CREATE TABLE `fingerprint` (
  `id` int(10) UNSIGNED NOT NULL,
  `user_id` int(11) UNSIGNED NOT NULL,
  `opd_category_id` int(10) UNSIGNED NOT NULL,
  `name` varchar(200) NOT NULL,
  `ip_address` varchar(100) NOT NULL,
  `port` int(11) NOT NULL,
  `key_finger` int(11) NOT NULL,
  `acronym` varchar(200) NOT NULL
) ENGINE=InnoDB DEFAULT CHARSET=latin1;

--
-- Dumping data for table `fingerprint`
--

INSERT INTO `fingerprint` (`id`, `user_id`, `opd_category_id`, `name`, `ip_address`, `port`, `key_finger`, `acronym`) VALUES
(2, 18, 3, 'DISPERINDAG', '192.168.2.80', 4370, 1, ''),
(6, 17, 2, 'BPKAD', '192.168.1.224', 1234, 1, ''),
(8, 20, 2, 'BKD', '111', 1234, 1, '');

-- --------------------------------------------------------

--
-- Table structure for table `groups`
--

CREATE TABLE `groups` (
  `id` mediumint(8) UNSIGNED NOT NULL,
  `name` varchar(20) NOT NULL,
  `description` varchar(100) NOT NULL
) ENGINE=InnoDB DEFAULT CHARSET=utf8;

--
-- Dumping data for table `groups`
--

INSERT INTO `groups` (`id`, `name`, `description`) VALUES
(1, 'admin', 'Administrator'),
(2, 'user_admin', 'user admin'),
(3, 'admin_bkd', 'admin bkd'),
(4, 'admin_opd', 'admin opd');

-- --------------------------------------------------------

--
-- Table structure for table `login_attempts`
--

CREATE TABLE `login_attempts` (
  `id` int(11) UNSIGNED NOT NULL,
  `ip_address` varchar(45) NOT NULL,
  `login` varchar(100) NOT NULL,
  `time` int(11) UNSIGNED DEFAULT NULL
) ENGINE=InnoDB DEFAULT CHARSET=utf8;

--
-- Dumping data for table `login_attempts`
--

INSERT INTO `login_attempts` (`id`, `ip_address`, `login`, `time`) VALUES
(2, '::1', 'dinas@gmail.com', 1572280789);

-- --------------------------------------------------------

--
-- Table structure for table `menus`
--

CREATE TABLE `menus` (
  `id` int(10) UNSIGNED NOT NULL,
  `menu_id` int(10) UNSIGNED NOT NULL,
  `name` varchar(100) NOT NULL,
  `link` varchar(50) NOT NULL,
  `list_id` varchar(200) NOT NULL,
  `icon` varchar(50) NOT NULL,
  `status` tinyint(4) NOT NULL,
  `position` int(4) NOT NULL,
  `description` text NOT NULL
) ENGINE=InnoDB DEFAULT CHARSET=latin1;

--
-- Dumping data for table `menus`
--

INSERT INTO `menus` (`id`, `menu_id`, `name`, `link`, `list_id`, `icon`, `status`, `position`, `description`) VALUES
(101, 1, 'Beranda', 'admin/', 'home_index', 'home', 1, 1, '-'),
(102, 1, 'Group', 'admin/group', 'group_index', 'home', 1, 2, '-'),
(103, 1, 'Setting', 'admin/menus', '-', 'cogs', 1, 3, '-'),
(104, 1, 'User', 'admin/user_management', 'user_management_index', 'users', 1, 4, '-'),
(106, 103, 'Menu', 'admin/menus', 'menus_index', 'circle', 1, 1, '-'),
(107, 2, 'Beranda', 'user/home', 'home_index', 'home', 1, 1, '-'),
(108, 2, 'Kepegawaian', 'user/', '-', 'home', 1, 1, '-'),
(109, 108, 'Data Karyawan', 'user/employee', 'employee_index', 'home', 1, 1, '-'),
(110, 108, 'Finger Print', 'user/fingerprint', 'fingerprint_index', 'home', 1, 2, '-'),
(111, 2, 'Absensi', 'user/attendance', '-', 'home', 1, 3, '-'),
(112, 111, 'Pilih Finger', 'user/fingerprint', 'fingerprint', 'home', 0, 1, '-'),
(113, 111, 'Data Absensi', 'user/attendance', 'attendance_index', 'home', 1, 2, '-'),
(114, 103, 'Kategori OPD', 'admin/opd_category', 'opd_category_index', 'home', 1, 1, '-'),
(115, 3, 'Beranda', 'bkd/home', 'home_index', 'home', 1, 1, '-'),
(116, 4, 'Data Pegawai', 'opd/employee', 'employee_index', 'home', 1, 1, '-'),
(117, 4, 'Data Absensi', 'opd/attendance', 'attendance_index', 'home', 1, 1, '-'),
(118, 3, 'Data Absensi', 'bkd/attendance', 'attendance_index', 'home', 1, 3, '-'),
(119, 2, 'Pengguna', 'user/users', 'users_index', 'home', 1, 4, '-'),
(120, 4, 'Beranda', 'opd/home', 'home_index', 'home', 1, -1, '-'),
(121, 3, 'Pegawai', 'bkd/employee', 'employee_index', 'home', 1, 2, '-');

-- --------------------------------------------------------

--
-- Table structure for table `opd_category`
--

CREATE TABLE `opd_category` (
  `id` int(10) UNSIGNED NOT NULL,
  `name` varchar(200) NOT NULL,
  `description` text NOT NULL
) ENGINE=InnoDB DEFAULT CHARSET=latin1;

--
-- Dumping data for table `opd_category`
--

INSERT INTO `opd_category` (`id`, `name`, `description`) VALUES
(2, 'Badan', '-'),
(3, 'Dinas', '-'),
(4, 'Sekretariat', '-');

-- --------------------------------------------------------

--
-- Table structure for table `users`
--

CREATE TABLE `users` (
  `id` int(11) UNSIGNED NOT NULL,
  `ip_address` varchar(45) NOT NULL,
  `username` varchar(100) DEFAULT NULL,
  `password` varchar(255) NOT NULL,
  `email` varchar(254) NOT NULL,
  `activation_selector` varchar(255) DEFAULT NULL,
  `activation_code` varchar(255) DEFAULT NULL,
  `forgotten_password_selector` varchar(255) DEFAULT NULL,
  `forgotten_password_code` varchar(255) DEFAULT NULL,
  `forgotten_password_time` int(11) UNSIGNED DEFAULT NULL,
  `remember_selector` varchar(255) DEFAULT NULL,
  `remember_code` varchar(255) DEFAULT NULL,
  `created_on` int(11) UNSIGNED NOT NULL,
  `last_login` int(11) UNSIGNED DEFAULT NULL,
  `active` tinyint(1) UNSIGNED DEFAULT NULL,
  `first_name` varchar(50) DEFAULT NULL,
  `last_name` varchar(50) DEFAULT NULL,
  `phone` varchar(20) DEFAULT NULL,
  `image` text NOT NULL,
  `address` varchar(200) NOT NULL
) ENGINE=InnoDB DEFAULT CHARSET=utf8;

--
-- Dumping data for table `users`
--

INSERT INTO `users` (`id`, `ip_address`, `username`, `password`, `email`, `activation_selector`, `activation_code`, `forgotten_password_selector`, `forgotten_password_code`, `forgotten_password_time`, `remember_selector`, `remember_code`, `created_on`, `last_login`, `active`, `first_name`, `last_name`, `phone`, `image`, `address`) VALUES
(1, '127.0.0.1', 'admin@fixl.com', '$2y$12$XpBgMvQ5JzfvN3PTgf/tA.XwxbCOs3mO0a10oP9/11qi1NUpv46.u', 'admin@fixl.com', NULL, '', NULL, NULL, NULL, NULL, NULL, 1268889823, 1572280827, 1, 'Admin', 'istrator', '081342989185', 'USER_1_1568678001.jpeg', 'admin'),
(13, '::1', 'admin@gmail.com', '$2y$10$I7MIaImGBkCp98G1KUb9wO8WZezKlLvyi/a2rzXjVAozQDZpKWAgi', 'admin@gmail.com', NULL, NULL, NULL, NULL, NULL, NULL, NULL, 1568678256, 1572338588, 1, 'admin', 'admin', '081342989185', 'USER_13_1569560490.jpg', 'jln mutiara no 8'),
(14, '::1', 'opd@gmail.com', '$2y$10$LbX.zK69zZ4RNKimAcsFz.zgpRAH3Qx0Z.gqCzHTx/e2qGE3ARNlm', 'opd@gmail.com', NULL, NULL, NULL, NULL, NULL, NULL, NULL, 1569937155, 1569937186, 1, 'admin', 'OPD', '-', '', '-'),
(17, '::1', 'bpkad@gmail.com', '$2y$10$vY1yuJKdxgG.N38N6SbsFusWepJlfmJYZndz5iiEZ3tBrnDqwZ0di', 'bpkad@gmail.com', NULL, NULL, NULL, NULL, NULL, NULL, NULL, 1570031149, 1572338541, 1, 'admi', 'BPKAD', '11', 'USER_17_1570053935.jpg', '-'),
(18, '::1', 'disperindag@gmail.com', '$2y$10$BEjbh8j6JyVwt0D5i27XvOFOvWArsyCxD8BEXkTLDY748UqBhMZ0u', 'disperindag@gmail.com', NULL, NULL, NULL, NULL, NULL, NULL, NULL, 1570057014, 1572338569, 1, 'admin', 'disperindag', '1234432341', '', 'alamat'),
(20, '::1', 'bkd@gmail.com', '$2y$10$leOU6xrRpRGg0cN1rfMwluMkPkbVFKUOUY/ncw8PxQNHtLCJdRpoK', 'bkd@gmail.com', NULL, NULL, NULL, NULL, NULL, NULL, NULL, 1570094697, 1572338500, 1, 'admin', 'BKD', '111', '', '-');

-- --------------------------------------------------------

--
-- Table structure for table `users_groups`
--

CREATE TABLE `users_groups` (
  `id` int(11) UNSIGNED NOT NULL,
  `user_id` int(11) UNSIGNED NOT NULL,
  `group_id` mediumint(8) UNSIGNED NOT NULL
) ENGINE=InnoDB DEFAULT CHARSET=utf8;

--
-- Dumping data for table `users_groups`
--

INSERT INTO `users_groups` (`id`, `user_id`, `group_id`) VALUES
(1, 1, 1),
(18, 13, 2),
(24, 17, 4),
(27, 18, 4),
(31, 20, 3);

--
-- Indexes for dumped tables
--

--
-- Indexes for table `attendance`
--
ALTER TABLE `attendance`
  ADD PRIMARY KEY (`id`),
  ADD KEY `employee_pin` (`employee_pin`);

--
-- Indexes for table `employee`
--
ALTER TABLE `employee`
  ADD PRIMARY KEY (`id`),
  ADD UNIQUE KEY `pin` (`pin`),
  ADD KEY `fingerprint_id` (`fingerprint_id`);

--
-- Indexes for table `fingerprint`
--
ALTER TABLE `fingerprint`
  ADD PRIMARY KEY (`id`),
  ADD KEY `opd_category_id` (`opd_category_id`),
  ADD KEY `user_id` (`user_id`);

--
-- Indexes for table `groups`
--
ALTER TABLE `groups`
  ADD PRIMARY KEY (`id`);

--
-- Indexes for table `login_attempts`
--
ALTER TABLE `login_attempts`
  ADD PRIMARY KEY (`id`);

--
-- Indexes for table `menus`
--
ALTER TABLE `menus`
  ADD PRIMARY KEY (`id`);

--
-- Indexes for table `opd_category`
--
ALTER TABLE `opd_category`
  ADD PRIMARY KEY (`id`);

--
-- Indexes for table `users`
--
ALTER TABLE `users`
  ADD PRIMARY KEY (`id`),
  ADD UNIQUE KEY `uc_email` (`email`),
  ADD UNIQUE KEY `uc_activation_selector` (`activation_selector`),
  ADD UNIQUE KEY `uc_forgotten_password_selector` (`forgotten_password_selector`),
  ADD UNIQUE KEY `uc_remember_selector` (`remember_selector`);

--
-- Indexes for table `users_groups`
--
ALTER TABLE `users_groups`
  ADD PRIMARY KEY (`id`),
  ADD UNIQUE KEY `uc_users_groups` (`user_id`,`group_id`),
  ADD KEY `fk_users_groups_users1_idx` (`user_id`),
  ADD KEY `fk_users_groups_groups1_idx` (`group_id`);

--
-- AUTO_INCREMENT for dumped tables
--

--
-- AUTO_INCREMENT for table `attendance`
--
ALTER TABLE `attendance`
  MODIFY `id` int(10) UNSIGNED NOT NULL AUTO_INCREMENT, AUTO_INCREMENT=2014;

--
-- AUTO_INCREMENT for table `employee`
--
ALTER TABLE `employee`
  MODIFY `id` int(10) UNSIGNED NOT NULL AUTO_INCREMENT, AUTO_INCREMENT=25;

--
-- AUTO_INCREMENT for table `fingerprint`
--
ALTER TABLE `fingerprint`
  MODIFY `id` int(10) UNSIGNED NOT NULL AUTO_INCREMENT, AUTO_INCREMENT=9;

--
-- AUTO_INCREMENT for table `groups`
--
ALTER TABLE `groups`
  MODIFY `id` mediumint(8) UNSIGNED NOT NULL AUTO_INCREMENT, AUTO_INCREMENT=5;

--
-- AUTO_INCREMENT for table `login_attempts`
--
ALTER TABLE `login_attempts`
  MODIFY `id` int(11) UNSIGNED NOT NULL AUTO_INCREMENT, AUTO_INCREMENT=3;

--
-- AUTO_INCREMENT for table `menus`
--
ALTER TABLE `menus`
  MODIFY `id` int(10) UNSIGNED NOT NULL AUTO_INCREMENT, AUTO_INCREMENT=122;

--
-- AUTO_INCREMENT for table `opd_category`
--
ALTER TABLE `opd_category`
  MODIFY `id` int(10) UNSIGNED NOT NULL AUTO_INCREMENT, AUTO_INCREMENT=5;

--
-- AUTO_INCREMENT for table `users`
--
ALTER TABLE `users`
  MODIFY `id` int(11) UNSIGNED NOT NULL AUTO_INCREMENT, AUTO_INCREMENT=21;

--
-- AUTO_INCREMENT for table `users_groups`
--
ALTER TABLE `users_groups`
  MODIFY `id` int(11) UNSIGNED NOT NULL AUTO_INCREMENT, AUTO_INCREMENT=32;

--
-- Constraints for dumped tables
--

--
-- Constraints for table `employee`
--
ALTER TABLE `employee`
  ADD CONSTRAINT `employee_ibfk_1` FOREIGN KEY (`fingerprint_id`) REFERENCES `fingerprint` (`id`);

--
-- Constraints for table `fingerprint`
--
ALTER TABLE `fingerprint`
  ADD CONSTRAINT `fingerprint_ibfk_1` FOREIGN KEY (`opd_category_id`) REFERENCES `opd_category` (`id`),
  ADD CONSTRAINT `fingerprint_ibfk_2` FOREIGN KEY (`user_id`) REFERENCES `users` (`id`);

--
-- Constraints for table `users_groups`
--
ALTER TABLE `users_groups`
  ADD CONSTRAINT `fk_users_groups_groups1` FOREIGN KEY (`group_id`) REFERENCES `groups` (`id`) ON DELETE CASCADE ON UPDATE NO ACTION,
  ADD CONSTRAINT `fk_users_groups_users1` FOREIGN KEY (`user_id`) REFERENCES `users` (`id`) ON DELETE CASCADE ON UPDATE NO ACTION;
COMMIT;

/*!40101 SET CHARACTER_SET_CLIENT=@OLD_CHARACTER_SET_CLIENT */;
/*!40101 SET CHARACTER_SET_RESULTS=@OLD_CHARACTER_SET_RESULTS */;
/*!40101 SET COLLATION_CONNECTION=@OLD_COLLATION_CONNECTION */;
